{"acc":0.7689556026426991,"loss":0.2366362317735003,"_timestamp":1.7818547879525793e+09,"_wandb":{"runtime":0},"_runtime":0,"_step":7}