{"loss":0.14738025971550975,"_timestamp":1.7818540014181175e+09,"_wandb":{"runtime":0},"_runtime":0,"_step":7,"acc":0.8350881271931074}